{
  "sum_pairs": [
    [
      1.418466567993164,
      true
    ],
    [
      -0.3009223937988281,
      false
    ],
    [
      0.9200019836425781,
      true
    ],
    [
      1.7028884887695312,
      true
    ],
    [
      0.8452987670898438,
      true
    ],
    [
      0.23945236206054688,
      true
    ],
    [
      1.0,
      true
    ],
    [
      6.152994155883789,
      true
    ],
    [
      -1.9053688049316406,
      false
    ],
    [
      -1.3573055267333984,
      false
    ],
    [
      -2.552560806274414,
      false
    ],
    [
      -1.3919391632080078,
      false
    ],
    [
      2.4453125,
      true
    ],
    [
      1.1441726684570312,
      true
    ],
    [
      -0.4591846466064453,
      false
    ],
    [
      -4.269584655761719,
      false
    ],
    [
      3.3425025939941406,
      true
    ],
    [
      5.469911575317383,
      true
    ],
    [
      -0.3977813720703125,
      false
    ],
    [
      2.782381057739258,
      true
    ],
    [
      -0.22275733947753906,
      false
    ],
    [
      -1.066884994506836,
      false
    ],
    [
      3.25,
      true
    ],
    [
      0.20705413818359375,
      true
    ],
    [
      -3.716796875,
      false
    ],
    [
      -0.19922256469726562,
      false
    ],
    [
      -3.48681640625,
      false
    ],
    [
      4.633548736572266,
      true
    ],
    [
      2.0696678161621094,
      true
    ],
    [
      0.8741588592529297,
      true
    ],
    [
      -0.1497974395751953,
      false
    ],
    [
      -0.20044517517089844,
      false
    ],
    [
      3.905698776245117,
      true
    ],
    [
      1.1638622283935547,
      true
    ],
    [
      2.906282424926758,
      true
    ],
    [
      -0.8813991546630859,
      false
    ],
    [
      2.234933853149414,
      true
    ],
    [
      4.578163146972656,
      true
    ],
    [
      2.24456787109375,
      true
    ],
    [
      1.8683738708496094,
      true
    ]
  ],
  "mean_pairs": [
    [
      0.7597106297810872,
      true
    ],
    [
      0.22070693969726562,
      false
    ],
    [
      0.44405231475830076,
      true
    ],
    [
      0.36371866861979163,
      true
    ],
    [
      0.5446445147196453,
      true
    ],
    [
      0.04152523387562146,
      true
    ],
    [
      0.03490905761718732,
      true
    ],
    [
      0.7744084040323891,
      true
    ],
    [
      0.06152153015136719,
      false
    ],
    [
      0.3192366917928062,
      false
    ],
    [
      0.2223749009389726,
      false
    ],
    [
      0.7613847732543944,
      false
    ],
    [
      1.5625,
      true
    ],
    [
      0.10351697603861498,
      true
    ],
    [
      -0.328313191731771,
      false
    ],
    [
      0.3372605641682942,
      false
    ],
    [
      0.7714192072550454,
      true
    ],
    [
      0.9116519292195637,
      true
    ],
    [
      0.2925242106119791,
      false
    ],
    [
      0.6060700416564941,
      true
    ],
    [
      0.2599799292428153,
      false
    ],
    [
      0.05861108643668045,
      false
    ],
    [
      0.7090048472086585,
      true
    ],
    [
      0.39853695460728256,
      true
    ],
    [
      -0.03510131835937491,
      false
    ],
    [
      0.29060792922973633,
      false
    ],
    [
      0.2466911474863689,
      false
    ],
    [
      1.1583871841430664,
      true
    ],
    [
      0.32281031058384824,
      true
    ],
    [
      1.0841754913330077,
      true
    ],
    [
      0.3614206314086914,
      false
    ],
    [
      0.31177616119384766,
      false
    ],
    [
      1.583425521850586,
      true
    ],
    [
      0.47826900482177725,
      true
    ],
    [
      0.3648050626118977,
      true
    ],
    [
      0.2731405893961587,
      false
    ],
    [
      0.18624448776245117,
      true
    ],
    [
      0.2224724292755127,
      true
    ],
    [
      0.40164995193481445,
      true
    ],
    [
      0.4610767364501953,
      true
    ]
  ],
  "length_pairs": [
    [
      4,
      4,
      true
    ],
    [
      4,
      4,
      false
    ],
    [
      5,
      6,
      true
    ],
    [
      7,
      7,
      true
    ],
    [
      4,
      4,
      true
    ],
    [
      11,
      11,
      true
    ],
    [
      5,
      6,
      true
    ],
    [
      5,
      7,
      true
    ],
    [
      3,
      3,
      false
    ],
    [
      6,
      5,
      false
    ],
    [
      9,
      7,
      false
    ],
    [
      10,
      10,
      false
    ],
    [
      4,
      4,
      true
    ],
    [
      6,
      8,
      true
    ],
    [
      6,
      8,
      false
    ],
    [
      9,
      7,
      false
    ],
    [
      6,
      6,
      true
    ],
    [
      6,
      6,
      true
    ],
    [
      5,
      5,
      false
    ],
    [
      8,
      8,
      true
    ],
    [
      8,
      10,
      false
    ],
    [
      8,
      7,
      false
    ],
    [
      3,
      5,
      true
    ],
    [
      5,
      7,
      true
    ],
    [
      5,
      6,
      false
    ],
    [
      4,
      5,
      false
    ],
    [
      8,
      8,
      false
    ],
    [
      4,
      4,
      true
    ],
    [
      16,
      16,
      true
    ],
    [
      5,
      5,
      true
    ],
    [
      2,
      3,
      false
    ],
    [
      2,
      3,
      false
    ],
    [
      1,
      3,
      true
    ],
    [
      11,
      10,
      true
    ],
    [
      12,
      12,
      true
    ],
    [
      6,
      6,
      false
    ],
    [
      12,
      12,
      true
    ],
    [
      3,
      8,
      true
    ],
    [
      8,
      8,
      true
    ],
    [
      8,
      8,
      true
    ]
  ],
  "agreement": 26,
  "n": 40
}