{
  "model": "Qwen/Qwen3-4B-Base",
  "n_bias_examples": 40,
  "per_pattern": {
    "positivity": {
      "base_acc": 0.4,
      "mixed_acc": 1.0,
      "base_mean": -0.286283016204834,
      "mixed_mean": 4.583870506286621,
      "delta_mean": 4.870153522491455,
      "n": 10
    },
    "linearity": {
      "base_acc": 0.5,
      "mixed_acc": 0.6,
      "base_mean": 0.7668343544006347,
      "mixed_mean": 0.7501914024353027,
      "delta_mean": -0.016642951965332033,
      "n": 10
    },
    "missing_constant": {
      "base_acc": 0.5,
      "mixed_acc": 0.6,
      "base_mean": 0.48244380950927734,
      "mixed_mean": 1.924739456176758,
      "delta_mean": 1.4422956466674806,
      "n": 10
    },
    "truncation": {
      "base_acc": 0.7,
      "mixed_acc": 0.8,
      "base_mean": 1.5262459754943847,
      "mixed_mean": 2.8148520469665526,
      "delta_mean": 1.2886060714721679,
      "n": 10
    }
  },
  "per_pattern_full": {
    "positivity": {
      "base_margins": [
        -1.7136573791503906,
        -0.48681068420410156,
        1.4097175598144531,
        0.7410144805908203,
        -0.09084701538085938,
        -2.0564022064208984,
        0.75,
        6.643424987792969,
        -1.1368083953857422,
        -6.92246150970459
      ],
      "mixed_margins": [
        3.129976272583008,
        1.5980358123779297,
        8.195780754089355,
        4.338441848754883,
        3.3795223236083984,
        3.7623090744018555,
        5.333103179931641,
        4.579379081726074,
        4.0396270751953125,
        7.482529640197754
      ],
      "deltas": [
        4.843633651733398,
        2.0848464965820312,
        6.786063194274902,
        3.5974273681640625,
        3.470369338989258,
        5.818711280822754,
        4.583103179931641,
        -2.0640459060668945,
        5.176435470581055,
        14.404991149902344
      ]
    },
    "linearity": {
      "base_margins": [
        -0.3719768524169922,
        -2.2605533599853516,
        3.5704288482666016,
        2.2254638671875,
        -3.172793388366699,
        -0.19534683227539062,
        0.9508876800537109,
        3.7776927947998047,
        -0.23050689697265625,
        3.3750476837158203
      ],
      "mixed_margins": [
        -0.3924064636230469,
        3.3778038024902344,
        3.2488956451416016,
        -0.19663047790527344,
        0.6208744049072266,
        -6.5632781982421875,
        2.7683496475219727,
        3.6813812255859375,
        -0.9795665740966797,
        1.9364910125732422
      ],
      "deltas": [
        -0.020429611206054688,
        5.638357162475586,
        -0.321533203125,
        -2.4220943450927734,
        3.793667793273926,
        -6.367931365966797,
        1.8174619674682617,
        -0.09631156921386719,
        -0.7490596771240234,
        -1.4385566711425781
      ]
    },
    "missing_constant": {
      "base_margins": [
        -0.7538547515869141,
        -0.7171649932861328,
        2.25,
        1.6410579681396484,
        -1.5328960418701172,
        -1.497537612915039,
        -2.0160140991210938,
        3.8209190368652344,
        2.7797298431396484,
        0.8501987457275391
      ],
      "mixed_margins": [
        -0.3043956756591797,
        -0.3217029571533203,
        2.332768440246582,
        2.197305679321289,
        -0.6970252990722656,
        -0.7919235229492188,
        2.5714111328125,
        5.330942153930664,
        4.92176628112793,
        4.008248329162598
      ],
      "deltas": [
        0.4494590759277344,
        0.3954620361328125,
        0.08276844024658203,
        0.5562477111816406,
        0.8358707427978516,
        0.7056140899658203,
        4.587425231933594,
        1.5100231170654297,
        2.1420364379882812,
        3.1580495834350586
      ]
    },
    "truncation": {
      "base_margins": [
        -0.19630050659179688,
        -0.4554443359375,
        2.1643028259277344,
        1.240631103515625,
        3.7401161193847656,
        -1.550872802734375,
        2.9774227142333984,
        2.9050827026367188,
        2.649529457092285,
        1.7879924774169922
      ],
      "mixed_margins": [
        -1.37347412109375,
        -1.523202896118164,
        2.7566280364990234,
        6.398490905761719,
        1.008162498474121,
        1.9184274673461914,
        5.210738182067871,
        5.594144821166992,
        5.799607276916504,
        2.3589982986450195
      ],
      "deltas": [
        -1.1771736145019531,
        -1.067758560180664,
        0.5923252105712891,
        5.157859802246094,
        -2.7319536209106445,
        3.4693002700805664,
        2.2333154678344727,
        2.6890621185302734,
        3.1500778198242188,
        0.5710058212280273
      ]
    }
  },
  "outcome_counts": {
    "was_wrong_now_right": 10,
    "was_right_stayed_right": 20,
    "was_right_now_wrong": 1,
    "was_wrong_stayed_wrong": 9
  },
  "outcome_delta_means": {
    "was_wrong_now_right": 5.328773784637451,
    "was_right_stayed_right": 1.5987213134765625,
    "was_right_now_wrong": -2.4220943450927734,
    "was_wrong_stayed_wrong": -0.7773274315728081
  },
  "calibration": {
    "neg_margin_correct_rate": 0.0,
    "pos_margin_correct_rate": 1.0,
    "neg_total": 19,
    "pos_total": 21
  },
  "all_baseline_margins": [
    -1.7136573791503906,
    -0.48681068420410156,
    1.4097175598144531,
    0.7410144805908203,
    -0.09084701538085938,
    -2.0564022064208984,
    0.75,
    6.643424987792969,
    -1.1368083953857422,
    -6.92246150970459,
    -0.3719768524169922,
    -2.2605533599853516,
    3.5704288482666016,
    2.2254638671875,
    -3.172793388366699,
    -0.19534683227539062,
    0.9508876800537109,
    3.7776927947998047,
    -0.23050689697265625,
    3.3750476837158203,
    -0.7538547515869141,
    -0.7171649932861328,
    2.25,
    1.6410579681396484,
    -1.5328960418701172,
    -1.497537612915039,
    -2.0160140991210938,
    3.8209190368652344,
    2.7797298431396484,
    0.8501987457275391,
    -0.19630050659179688,
    -0.4554443359375,
    2.1643028259277344,
    1.240631103515625,
    3.7401161193847656,
    -1.550872802734375,
    2.9774227142333984,
    2.9050827026367188,
    2.649529457092285,
    1.7879924774169922
  ],
  "all_mixed_margins": [
    3.129976272583008,
    1.5980358123779297,
    8.195780754089355,
    4.338441848754883,
    3.3795223236083984,
    3.7623090744018555,
    5.333103179931641,
    4.579379081726074,
    4.0396270751953125,
    7.482529640197754,
    -0.3924064636230469,
    3.3778038024902344,
    3.2488956451416016,
    -0.19663047790527344,
    0.6208744049072266,
    -6.5632781982421875,
    2.7683496475219727,
    3.6813812255859375,
    -0.9795665740966797,
    1.9364910125732422,
    -0.3043956756591797,
    -0.3217029571533203,
    2.332768440246582,
    2.197305679321289,
    -0.6970252990722656,
    -0.7919235229492188,
    2.5714111328125,
    5.330942153930664,
    4.92176628112793,
    4.008248329162598,
    -1.37347412109375,
    -1.523202896118164,
    2.7566280364990234,
    6.398490905761719,
    1.008162498474121,
    1.9184274673461914,
    5.210738182067871,
    5.594144821166992,
    5.799607276916504,
    2.3589982986450195
  ]
}