{
  "final_mse": 0.14863741993904114,
  "final_l1": 0.43768879771232605,
  "final_total": 0.14907510876655578,
  "n_active_features": 6832,
  "dead_features": [
    3,
    31,
    32,
    42,
    44,
    55,
    57,
    67,
    86,
    87,
    102,
    213,
    237,
    261,
    302,
    321,
    392,
    431,
    478,
    512,
    527,
    578,
    602,
    662,
    692,
    702,
    708,
    724,
    731,
    757,
    791,
    835,
    850,
    872,
    890,
    895,
    924,
    934,
    946,
    992,
    996,
    1053,
    1067,
    1082,
    1088,
    1092,
    1154,
    1159,
    1179,
    1194,
    1201,
    1203,
    1211,
    1226,
    1248,
    1257,
    1263,
    1376,
    1393,
    1402,
    1431,
    1470,
    1479,
    1493,
    1506,
    1513,
    1523,
    1551,
    1554,
    1577,
    1588,
    1592,
    1611,
    1612,
    1622,
    1632,
    1647,
    1696,
    1702,
    1727,
    1729,
    1760,
    1778,
    1779,
    1795,
    1810,
    1812,
    1861,
    1894,
    1921,
    1934,
    1935,
    1944,
    1951,
    1977,
    1995,
    2019,
    2036,
    2094,
    2113,
    2147,
    2164,
    2186,
    2196,
    2221,
    2265,
    2312,
    2315,
    2321,
    2333,
    2388,
    2394,
    2437,
    2443,
    2444,
    2450,
    2500,
    2563,
    2599,
    2602,
    2613,
    2628,
    2688,
    2689,
    2700,
    2704,
    2713,
    2717,
    2726,
    2741,
    2749,
    2777,
    2820,
    2865,
    2898,
    2967,
    2969,
    2970,
    3002,
    3011,
    3029,
    3051,
    3054,
    3062,
    3073,
    3101,
    3102,
    3134,
    3189,
    3203,
    3236,
    3259,
    3275,
    3293,
    3299,
    3325,
    3349,
    3388,
    3416,
    3428,
    3451,
    3477,
    3504,
    3509,
    3545,
    3548,
    3577,
    3586,
    3594,
    3608,
    3620,
    3649,
    3651,
    3664,
    3669,
    3734,
    3760,
    3768,
    3779,
    3796,
    3803,
    3815,
    3833,
    3850,
    3852,
    3876,
    3887,
    3905,
    3947,
    3950,
    3985,
    3989,
    4039,
    4163,
    4166,
    4201,
    4212,
    4236,
    4255,
    4267,
    4268,
    4300,
    4335,
    4340,
    4375,
    4415,
    4461,
    4486,
    4493,
    4509,
    4520,
    4527,
    4539,
    4545,
    4569,
    4579,
    4630,
    4632,
    4662,
    4666,
    4722,
    4754,
    4817,
    4833,
    4840,
    4864,
    4881,
    4882,
    4884,
    4896,
    4960,
    4968,
    4999,
    5001,
    5019,
    5022,
    5031,
    5047,
    5086,
    5152,
    5156,
    5158,
    5220,
    5253,
    5263,
    5298,
    5308,
    5338,
    5343,
    5361,
    5369,
    5378,
    5387,
    5408,
    5417,
    5431,
    5435,
    5436,
    5444,
    5465,
    5467,
    5492,
    5509,
    5590,
    5595,
    5604,
    5641,
    5650,
    5691,
    5766,
    5791,
    5792,
    5797,
    5822,
    5823,
    5833,
    5854,
    5869,
    5881,
    5897,
    5922,
    5957,
    5964,
    5969,
    5985,
    5987,
    6121,
    6135,
    6152,
    6164,
    6181,
    6204,
    6216,
    6256,
    6284,
    6308,
    6347,
    6363,
    6402,
    6421,
    6422,
    6456,
    6465,
    6497,
    6514,
    6545,
    6564,
    6566,
    6593,
    6597,
    6629,
    6649,
    6662,
    6692,
    6724,
    6729,
    6732,
    6756,
    6777,
    6784,
    6821,
    6857,
    6873,
    6883,
    6887,
    6934,
    6941,
    6961,
    6966,
    6979,
    7030,
    7042,
    7091,
    7147,
    7166,
    7167
  ],
  "steps": 25,
  "time": 0.18906712532043457
}