{
  "baseline": {
    "factual": 0.6033761160714288,
    "toxicity": 0.14468749999999986,
    "sycophancy": -0.04135416666666636,
    "bias": 0.03606770833333339
  },
  "conditions": {
    "sft-only": {
      "factual": {
        "scores": [
          0.6100725446428572,
          0.7188895089285712
        ],
        "deltas": [
          0.006696428571428381,
          0.11551339285714235
        ],
        "mean": 0.6644810267857142,
        "std": 0.0769452133545627,
        "mean_delta": 0.061104910714285365
      },
      "toxicity": {
        "scores": [
          0.03156250000000016,
          0.053749999999999964
        ],
        "deltas": [
          -0.1131249999999997,
          -0.0909374999999999
        ],
        "mean": 0.04265625000000006,
        "std": 0.015688931707576386,
        "mean_delta": -0.1020312499999998
      },
      "sycophancy": {
        "scores": [
          -0.0048437500000000355,
          -0.0033333333333331883
        ],
        "deltas": [
          0.03651041666666632,
          0.03802083333333317
        ],
        "mean": -0.004088541666666612,
        "std": 0.0010680258674173088,
        "mean_delta": 0.03726562499999975
      },
      "bias": {
        "scores": [
          0.028098958333333535,
          0.031510416666666874
        ],
        "deltas": [
          -0.007968749999999858,
          -0.004557291666666519
        ],
        "mean": 0.029804687500000204,
        "std": 0.0024122653212353615,
        "mean_delta": -0.006263020833333188
      }
    },
    "rho-guided": {
      "factual": {
        "scores": [
          0.7619280133928572,
          0.8287527901785712
        ],
        "deltas": [
          0.15855189732142838,
          0.22537667410714235
        ],
        "mean": 0.7953404017857142,
        "std": 0.047252252816455724,
        "mean_delta": 0.19196428571428537
      },
      "toxicity": {
        "scores": [
          0.6675,
          0.8485156250000001
        ],
        "deltas": [
          0.5228125000000001,
          0.7038281250000002
        ],
        "mean": 0.7580078125,
        "std": 0.12799737593822122,
        "mean_delta": 0.6133203125000002
      },
      "sycophancy": {
        "scores": [
          -0.0026041666666667407,
          -0.0015104166666666252
        ],
        "deltas": [
          0.03874999999999962,
          0.039843749999999734
        ],
        "mean": -0.002057291666666683,
        "std": 0.000773398041922868,
        "mean_delta": 0.039296874999999676
      },
      "bias": {
        "scores": [
          0.07187499999999991,
          0.07039062500000015
        ],
        "deltas": [
          0.03580729166666652,
          0.03432291666666676
        ],
        "mean": 0.07113281250000003,
        "std": 0.0010496116283236119,
        "mean_delta": 0.03506510416666664
      }
    },
    "contrastive-only": {
      "factual": {
        "scores": [
          0.8242885044642858,
          0.8530970982142858
        ],
        "deltas": [
          0.22091238839285698,
          0.24972098214285698
        ],
        "mean": 0.8386928013392858,
        "std": 0.020370751997073392,
        "mean_delta": 0.23531668526785698
      },
      "toxicity": {
        "scores": [
          0.5998828125000002,
          0.5963281250000003
        ],
        "deltas": [
          0.45519531250000034,
          0.45164062500000046
        ],
        "mean": 0.5981054687500003,
        "std": 0.0025135436362489676,
        "mean_delta": 0.4534179687500004
      },
      "sycophancy": {
        "scores": [
          0.0011458333333334014,
          0.0
        ],
        "deltas": [
          0.04249999999999976,
          0.04135416666666636
        ],
        "mean": 0.0005729166666667007,
        "std": 0.0008102265201096338,
        "mean_delta": 0.04192708333333306
      },
      "bias": {
        "scores": [
          0.05121093750000005,
          0.05535156250000006
        ],
        "deltas": [
          0.01514322916666666,
          0.01928385416666667
        ],
        "mean": 0.05328125000000006,
        "std": 0.0029278640158505545,
        "mean_delta": 0.017213541666666665
      }
    },
    "shuffled-pairs": {
      "factual": {
        "scores": [
          0.2129603794642856,
          -0.0768694196428572
        ],
        "deltas": [
          -0.39041573660714324,
          -0.680245535714286
        ],
        "mean": 0.06804547991071419,
        "std": 0.20494061633859545,
        "mean_delta": -0.5353306361607146
      },
      "toxicity": {
        "scores": [
          -0.2155468749999998,
          -0.43781250000000016
        ],
        "deltas": [
          -0.36023437499999966,
          -0.5825
        ],
        "mean": -0.3266796875,
        "std": 0.15716553066216649,
        "mean_delta": -0.47136718749999984
      },
      "sycophancy": {
        "scores": [
          -0.005156249999999973,
          -0.013229166666666625
        ],
        "deltas": [
          0.036197916666666385,
          0.028124999999999734
        ],
        "mean": -0.0091927083333333,
        "std": 0.005708414118953889,
        "mean_delta": 0.03216145833333306
      },
      "bias": {
        "scores": [
          0.0048177083333331705,
          0.0011979166666666874
        ],
        "deltas": [
          -0.03125000000000022,
          -0.034869791666666705
        ],
        "mean": 0.003007812499999929,
        "std": 0.002559579233982425,
        "mean_delta": -0.033059895833333464
      }
    }
  },
  "tests": [
    {
      "test": "delta_vs_zero",
      "condition": "sft-only",
      "behavior": "factual",
      "mean_delta": 0.061104910714285365,
      "t": 1.12307692307692,
      "p": 0.4631357647962804,
      "sig": "ns"
    },
    {
      "test": "delta_vs_zero",
      "condition": "sft-only",
      "behavior": "toxicity",
      "mean_delta": -0.1020312499999998,
      "t": -9.197183098591612,
      "p": 0.06894814517071222,
      "sig": "ns"
    },
    {
      "test": "delta_vs_zero",
      "condition": "sft-only",
      "behavior": "sycophancy",
      "mean_delta": 0.03726562499999975,
      "t": 49.34482758620066,
      "p": 0.012899683175066422,
      "sig": "*"
    },
    {
      "test": "delta_vs_zero",
      "condition": "sft-only",
      "behavior": "bias",
      "mean_delta": -0.006263020833333188,
      "t": -3.6717557251907484,
      "p": 0.16927731478983002,
      "sig": "ns"
    },
    {
      "test": "delta_vs_zero",
      "condition": "rho-guided",
      "behavior": "factual",
      "mean_delta": 0.19196428571428537,
      "t": 5.745302713987491,
      "p": 0.10970793793656923,
      "sig": "ns"
    },
    {
      "test": "delta_vs_zero",
      "condition": "rho-guided",
      "behavior": "toxicity",
      "mean_delta": 0.6133203125000002,
      "t": 6.776435045317218,
      "p": 0.09327293920177876,
      "sig": "ns"
    },
    {
      "test": "delta_vs_zero",
      "condition": "rho-guided",
      "behavior": "sycophancy",
      "mean_delta": 0.039296874999999676,
      "t": 71.85714285713468,
      "p": 0.008858947823321748,
      "sig": "**"
    },
    {
      "test": "delta_vs_zero",
      "condition": "rho-guided",
      "behavior": "bias",
      "mean_delta": 0.03506510416666664,
      "t": 47.245614035095315,
      "p": 0.013472673444548552,
      "sig": "*"
    },
    {
      "test": "delta_vs_zero",
      "condition": "contrastive-only",
      "behavior": "factual",
      "mean_delta": 0.23531668526785698,
      "t": 16.33656174334139,
      "p": 0.038920455616780265,
      "sig": "*"
    },
    {
      "test": "delta_vs_zero",
      "condition": "contrastive-only",
      "behavior": "toxicity",
      "mean_delta": 0.4534179687500004,
      "t": 255.10989010989925,
      "p": 0.002495459942665079,
      "sig": "**"
    },
    {
      "test": "delta_vs_zero",
      "condition": "contrastive-only",
      "behavior": "sycophancy",
      "mean_delta": 0.04192708333333306,