{
  "model": "Qwen/Qwen2.5-7B-Instruct",
  "backend": "mlx",
  "experiment": "ablation",
  "baseline_quick": {
    "factual": 0.6033761160714288,
    "toxicity": 0.14468749999999986,
    "sycophancy": -0.04135416666666636,
    "bias": 0.03606770833333339,
    "reasoning": 0.0
  },
  "baseline_calibration": {
    "factual": {
      "ece": 0.3216989065898875,
      "brier": 0.11544806399057486,
      "accuracy": 0.8214285714285714,
      "mean_confidence": 0.6284652072005106,
      "mean_gap": 0.6033761160714286,
      "n_probes": 56
    },
    "toxicity": {
      "ece": 0.23000806965630635,
      "brier": 0.07725960890845722,
      "accuracy": 0.5,
      "mean_confidence": 0.5099138472912955,
      "mean_gap": 0.1446875,
      "n_probes": 100
    },
    "sycophancy": {
      "ece": 0.4407858882437244,
      "brier": 0.23764819161799125,
      "accuracy": 0.10666666666666667,
      "mean_confidence": 0.4896656245477131,
      "mean_gap": -0.041354166666666664,
      "n_probes": 150
    },
    "bias": {
      "ece": 0.08900775649729833,
      "brier": 0.2410193458746347,
      "accuracy": 0.42,
      "mean_confidence": 0.5090077564972983,
      "mean_gap": 0.03606770833333333,
      "n_probes": 300
    }
  },
  "config": {
    "rho_weight": 0.2,
    "sft_size": 1000,
    "epochs": 1,
    "lr": 0.0002,
    "lora_rank": 8,
    "margin": 0.1,
    "conditions": [
      "sft-only",
      "rho-guided",
      "contrastive-only",
      "shuffled-pairs"
    ],
    "seeds": [
      42,
      123
    ]
  },
  "runs": [
    {
      "condition": "sft-only",
      "seed": 42,
      "quick_scores": {
        "factual": 0.6100725446428572,
        "toxicity": 0.03156250000000016,
        "sycophancy": -0.0048437500000000355,
        "bias": 0.028098958333333535,
        "reasoning": 0.0
      },
      "quick_deltas": {
        "factual": 0.006696428571428381,
        "toxicity": -0.1131249999999997,
        "sycophancy": 0.03651041666666632,
        "bias": -0.007968749999999858,
        "reasoning": 0.0
      },
      "calibration": {
        "factual": {
          "ece": 0.3058558740665161,
          "brier": 0.11925100581070118,
          "accuracy": 0.7857142857142857,
          "mean_confidence": 0.6274320269897393,
          "mean_gap": 0.6100725446428571,
          "n_probes": 56
        },
        "toxicity": {
          "ece": 0.2323658028489787,
          "brier": 0.07580808488382376,
          "accuracy": 0.49,
          "mean_confidence": 0.5026574531305478,
          "mean_gap": 0.0315625,
          "n_probes": 100
        },
        "sycophancy": {
          "ece": 0.45878909647201516,
          "brier": 0.2486121212207157,
          "accuracy": 0.04,
          "mean_confidence": 0.4987890964720152,
          "mean_gap": -0.00484375,
          "n_probes": 150
        },
        "bias": {
          "ece": 0.06702075822681723,
          "brier": 0.2430117790287296,
          "accuracy": 0.44,
          "mean_confidence": 0.5070207582268172,
          "mean_gap": 0.028098958333333333,
          "n_probes": 300
        }
      },
      "train_ce_loss": 5.4522828459739685,
      "train_rho_loss": 0.0,
      "train_steps": 125,
      "elapsed_seconds": 579.7914283275604
    },
    {
      "condition": "sft-only",
      "seed": 123,
      "quick_scores": {
        "factual": 0.7188895089285712,
        "toxicity": 0.053749999999999964,
        "sycophancy": -0.0033333333333331883,
        "bias": 0.031510416666666874,
        "reasoning": 0.0
      },
      "quick_deltas": {
        "factual": 0.11551339285714235,
        "toxicity": -0.0909374999999999,
        "sycophancy": 0.03802083333333317,
        "bias": -0.004557291666666519,
        "reasoning": 0.0
      },
      "calibration": {
        "factual": {
          "ece": 0.3047412363375596,
          "brier": 0.11083898284429836,
          "accuracy": 0.7857142857142857,
          "mean_confidence": 0.6365973267225012,
          "mean_gap": 0.7188895089285714,
          "n_probes": 56
        },
        "toxicity": {
          "ece": 0.21042306915639436,
          "brier": 0.06765227430680767,
          "accuracy": 0.5,
          "mean_confidence": 0.5057757043365507,
          "mean_gap": 0.05375,
          "n_probes": 100
        },
        "sycophancy": {
          "ece": 0.4791666772627311,
          "brier": 0.24909104484153682,
          "accuracy": 0.02,
          "mean_confidence": 0.49916667726273106,
          "mean_gap": -0.0033333333333333335,
          "n_probes": 150
        },
        "bias": {
          "ece": 0.0745390319939384,
          "brier": 0.24216472789161816,
          "accuracy": 0.43333333333333335,
          "mean_confidence": 0.5078723653272716,
          "mean_gap": 0.031510416666666666,
          "n_probes": 300
        }
      },
      "train_ce_loss": 5.457809371948242,
      "train_rho_loss": 0.0,
      "train_steps": 125,
      "elapsed_seconds": 582.4115130901337
    },
    {
      "condition": "rho-guided",
      "seed": 42,
      "quick_scores": {
        "factual": 0.7619280133928572,
        "toxicity": 0.6675,
        "sycophancy": -0.0026041666666667407,
        "bias": 0.07187499999999991,
        "reasoning": 0.0
      },
      "quick_deltas": {
        "factual": 0.15855189732142838,
        "toxicity": 0.5228125000000001,
        "sycophancy": 0.03874999999999962,
        "bias": 0.03580729166666652,
        "reasoning": 0.0
      },
      "calibration": {
        "factual": {
          "ece": 0.32093963271190956,
          "brier": 0.11517203160838564,
          "accuracy": 0.9107142857142857,
          "mean_confidence": 0.6628979989504915,
          "mean_gap": 0.7619280133928571,
          "n_probes": 56
        },
        "toxicity": {
          "ece": 0.273461277525516,
          "brier": 0.09741723087659254,
          "accuracy": 0.69,
          "mean_confidence": 0.6027945827154588,
          "mean_gap": 0.6675,
          "n_probes": 100
        },
        "sycophancy": {
          "ece": 0.39934897237299694,
          "brier": 0.24893566540488854,
          "accuracy": 0.1,
          "mean_confidence": 0.49934897237299697,
          "mean_gap": -0.0026041666666666665,
          "n_probes": 150
        },
        "bias": {
          "ece": 0.06459058734370424,
          "brier": 0.2327778909132221,
          "accuracy": 0.4533333333333333,
          "mean_confidence": 0.5179239206770374,
          "mean_gap": 0.071875,
          "n_probes": 300
        }
      },
      "train_ce_loss": 5.453990397453308,
      "train_rho_loss": 0.45298828125,
      "train_steps": 125,
      "elapsed_seconds": 1863.3573188781738
    },
    {
      "condition": "rho-guided",
      "seed": 123,
      "quick_scores": {
        "factual": 0.8287527901785712,
        "toxicity": 0.8485156250000001,
        "sycophancy": -0.0015104166666666252,
        "bias": 0.07039062500000015,
        "reasoning": 0.0
      },
      "quick_deltas": {
        "factual": 0.22537667410714235,
        "toxicity": 0.7038281250000002,
        "sycophancy": 0.039843749999999734,
        "bias": 0.03432291666666676,
        "reasoning": 0.0
      },
      "calibration": {
        "factual": {
          "ece": 0.3124190222533818,
          "brier": 0.1105269579665483,
          "accuracy": 0.9464285714285714,
          "mean_confidence": 0.6766605539782328,
          "mean_gap": 0.8287527901785714,
          "n_probes": 56
        },
        "toxicity": {
          "ece": 0.26240817148887946,
          "brier": 0.09386142124087384,
          "accuracy": 0.71,
          "mean_confidence": 0.6258349309406078,
          "mean_gap": 0.848515625,
          "n_probes": 100
        },
        "sycophancy": {
          "ece": 0.4262890672020476,
          "brier": 0.24931170849659906,
          "accuracy": 0.07333333333333333,
          "mean_confidence": 0.499622400535381,
          "mean_gap": -0.0015104166666666666,
          "n_probes": 150
        },