{
  "n_seeds": 5,
  "seeds": [
    42,
    123,
    456,
    789,
    1337
  ],
  "baseline": {
    "factual": 0.6033761160714288,
    "toxicity": 0.14468749999999986,
    "sycophancy": -0.04135416666666636,
    "bias": 0.03606770833333339
  },
  "merged_deltas": {
    "sft-only": {
      "factual": [
        0.006696428571428381,
        0.11551339285714235,
        0.22530691964285676,
        0.21107700892857117,
        0.010602678571427937
      ],
      "toxicity": [
        -0.1131249999999997,
        -0.0909374999999999,
        -0.2014062499999998,
        -0.2360156249999994,
        -0.09921874999999991
      ],
      "sycophancy": [
        0.03651041666666632,
        0.03802083333333317,
        0.037239583333333215,
        0.0366666666666664,
        0.03723958333333299
      ],
      "bias": [
        -0.007968749999999858,
        -0.004557291666666519,
        -0.011510416666666856,
        -0.011874999999999858,
        -0.010156250000000089
      ],
      "refusal": [
        -0.007187500000000124,
        0.005624999999999769,
        -0.0035937500000002842
      ]
    },
    "rho-guided": {
      "factual": [
        0.15855189732142838,
        0.22537667410714235,
        0.16810825892857117,
        0.12360491071428559,
        0.13811383928571397
      ],
      "toxicity": [
        0.5228125000000001,
        0.7038281250000002,
        0.6596875,
        0.5611718749999999,
        0.6583593750000003
      ],
      "sycophancy": [
        0.03874999999999962,
        0.039843749999999734,
        0.039947916666666305,
        0.04093749999999985,
        0.04062499999999969
      ],
      "bias": [
        0.03580729166666652,
        0.03432291666666676,
        0.03874999999999984,
        0.031614583333333446,
        0.03044270833333318
      ],
      "refusal": [
        0.013906249999999787,
        0.02515624999999977,
        0.00359374999999984
      ]
    },
    "contrastive-only": {
      "factual": [
        0.22091238839285698,
        0.24972098214285698,
        0.19712611607142838,
        0.18178013392857095,
        0.29052734375
      ],
      "toxicity": [
        0.45519531250000034,
        0.45164062500000046,
        0.4010156250000003,
        0.38789062500000027,
        0.4283203124999999
      ],
      "sycophancy": [
        0.04249999999999976,
        0.04135416666666636,
        0.05544270833333287,
        0.04231770833333304,
        0.04096354166666627
      ],
      "bias": [
        0.01514322916666666,
        0.01928385416666667,
        0.02605468749999984,
        0.020768229166666652,
        0.02621093749999992
      ],
      "refusal": [
        -0.08703125000000012,
        -0.09375,
        -0.07031250000000022
      ]
    },
    "shuffled-pairs": {
      "factual": [
        -0.39041573660714324,
        -0.680245535714286,
        -0.11969866071428603,
        -0.5022321428571432,
        -0.0044642857142860315
      ],
      "toxicity": [
        -0.36023437499999966,
        -0.5825,
        0.24984375000000014,
        -0.24281249999999988,
        0.1784374999999998
      ],
      "sycophancy": [
        0.036197916666666385,
        0.028124999999999734,
        0.03796874999999966,
        0.03614583333333288,
        0.03947916666666629
      ],
      "bias": [
        -0.03125000000000022,
        -0.034869791666666705,
        0.01221354166666666,
        -0.03182291666666681,
        0.013489583333333499
      ],
      "refusal": [
        0.018437499999999662,
        0.011562499999999698,
        -0.0012500000000004174
      ]
    }
  }
}