{
  "baseline": {
    "factual": 0.7237897600446428,
    "toxicity": -0.030625000000000124,
    "sycophancy": -0.016699218750000355,
    "bias": 0.015126953124999787,
    "reasoning": 0.0
  },
  "conditions": {
    "0.0": {
      "rho_weight": 0.0,
      "n_seeds": 2,
      "behaviors": {
        "factual": {
          "scores": [
            0.704153878348214,
            0.724609375
          ],
          "deltas": [
            -0.019635881696428825,
            0.0008196149553572063
          ],
          "mean_score": 0.714381626674107,
          "std_score": 0.014464220395016622,
          "mean_delta": -0.00940813337053581,
          "std_delta": 0.014464220395016622,
          "baseline_gap": 0.7237897600446428,
          "t_stat_vs_zero": -0.9198635976129532,
          "p_val_vs_zero": 0.5265575225663697
        },
        "toxicity": {
          "scores": [
            -0.026806640625000266,
            -0.085693359375
          ],
          "deltas": [
            0.003818359374999858,
            -0.055068359374999876
          ],
          "mean_score": -0.05625000000000013,
          "std_score": 0.041639198149949826,
          "mean_delta": -0.02562500000000001,
          "std_delta": 0.041639198149949826,
          "baseline_gap": -0.030625000000000124,
          "t_stat_vs_zero": -0.8703150912106178,
          "p_val_vs_zero": 0.5440717429703312
        },
        "sycophancy": {
          "scores": [
            -0.008626302083333481,
            -0.011217447916666679
          ],
          "deltas": [
            0.008072916666666874,
            0.005481770833333677
          ],
          "mean_score": -0.00992187500000008,
          "std_score": 0.0018322167897931714,
          "mean_delta": 0.006777343750000275,
          "std_delta": 0.0018322167897931714,
          "baseline_gap": -0.016699218750000355,
          "t_stat_vs_zero": 5.231155778894959,
          "p_val_vs_zero": 0.12024700404215244
        },
        "bias": {
          "scores": [
            0.021787109374999947,
            0.020159505208333428
          ],
          "deltas": [
            0.00666015625000016,
            0.005032552083333641
          ],
          "mean_score": 0.020973307291666687,
          "std_score": 0.001150889943337375,
          "mean_delta": 0.0058463541666669006,
          "std_delta": 0.001150889943337375,
          "baseline_gap": 0.015126953124999787,
          "t_stat_vs_zero": 7.184000000000941,
          "p_val_vs_zero": 0.0880505535925238
        }
      }
    },
    "0.1": {
      "rho_weight": 0.1,
      "n_seeds": 2,
      "behaviors": {
        "factual": {
          "scores": [
            0.7856968470982144,
            0.7652762276785721
          ],
          "deltas": [
            0.06190708705357162,
            0.04148646763392927
          ],
          "mean_score": 0.7754865373883932,
          "std_score": 0.014439558467658806,
          "mean_delta": 0.051696777343750444,
          "std_delta": 0.014439558467658806,
          "baseline_gap": 0.7237897600446428,
          "t_stat_vs_zero": 5.063193851409221,
          "p_val_vs_zero": 0.12413717245916411,
          "t_stat_vs_sft": 4.228159145677099,
          "p_val_vs_sft": 0.05164201717266141,
          "cohens_d": 4.228159145677099
        },
        "toxicity": {
          "scores": [
            0.46365234374999975,
            0.7926171874999994
          ],
          "deltas": [
            0.4942773437499999,
            0.8232421874999996
          ],
          "mean_score": 0.6281347656249996,
          "std_score": 0.23261327178759783,
          "mean_delta": 0.6587597656249997,
          "std_delta": 0.23261327178759783,
          "baseline_gap": -0.030625000000000124,
          "t_stat_vs_zero": 4.00504660689901,
          "p_val_vs_zero": 0.15576949844859167,
          "t_stat_vs_sft": 4.095735529129555,
          "p_val_vs_sft": 0.05476159241825081,
          "cohens_d": 4.095735529129555
        },
        "sycophancy": {
          "scores": [
            -0.00845703125000008,
            -0.009335937499999947
          ],
          "deltas": [
            0.008242187500000275,
            0.0073632812500004086
          ],
          "mean_score": -0.008896484375000013,
          "std_score": 0.0006214805694021449,
          "mean_delta": 0.007802734375000342,
          "std_delta": 0.0006214805694021449,
          "baseline_gap": -0.016699218750000355,
          "t_stat_vs_zero": 17.755555555559024,
          "p_val_vs_zero": 0.03581684233403787,
          "t_stat_vs_sft": 0.749513653746912,
          "p_val_vs_sft": 0.5317158912845481,
          "cohens_d": 0.749513653746912
        },
        "bias": {
          "scores": [
            0.043802083333333464,
            0.015224609374999254
          ],
          "deltas": [
            0.028675130208333677,
            9.765624999946709e-05
          ],
          "mean_score": 0.02951334635416636,
          "std_score": 0.02020732562512009,
          "mean_delta": 0.014386393229166572,
          "std_delta": 0.02020732562512009,
          "baseline_gap": 0.015126953124999787,
          "t_stat_vs_zero": 1.0068344913998941,
          "p_val_vs_zero": 0.4978319310551454,
          "t_stat_vs_sft": 0.5967092629923556,
          "p_val_vs_sft": 0.6112508724441248,
          "cohens_d": 0.5967092629923556
        }
      }
    },
    "0.2": {
      "rho_weight": 0.2,
      "n_seeds": 2,
      "behaviors": {
        "factual": {
          "scores": [
            0.815377371651786,
            0.8238699776785716
          ],
          "deltas": [
            0.09158761160714324,
            0.10008021763392883
          ],
          "mean_score": 0.8196236746651788,
          "std_score": 0.006005179311485831,
          "mean_delta": 0.09583391462053603,
          "std_delta": 0.006005179311485831,
          "baseline_gap": 0.7237897600446428,
          "t_stat_vs_zero": 22.568788501027107,
          "p_val_vs_zero": 0.028189534420603967,
          "t_stat_vs_sft": 9.503353708757608,
          "p_val_vs_sft": 0.010891941786235494,
          "cohens_d": 9.503353708757608
        },
        "toxicity": {
          "scores": [
            0.31486328125000007,
            0.5604296874999997
          ],
          "deltas": [
            0.3454882812500002,
            0.5910546874999998
          ],
          "mean_score": 0.43764648437499987,
          "std_score": 0.1736416710909853,
          "mean_delta": 0.468271484375,
          "std_delta": 0.1736416710909853,
          "baseline_gap": -0.030625000000000124,
          "t_stat_vs_zero": 3.813807364988474,
          "p_val_vs_zero": 0.16324998983647018,
          "t_stat_vs_sft": 3.9116140788415894,
          "p_val_vs_sft": 0.0595756775861525,
          "cohens_d": 3.9116140788415894
        },
        "sycophancy": {
          "scores": [
            -0.006406249999999947,
            -0.0062044270833332416
          ],
          "deltas": [
            0.010292968750000409,
            0.010494791666667114
          ],
          "mean_score": -0.006305338541666594,
          "std_score": 0.0001427103529738747,
          "mean_delta": 0.010393880208333761,
          "std_delta": 0.0001427103529738747,
          "baseline_gap": -0.016699218750000355,
          "t_stat_vs_zero": 102.9999999999846,
          "p_val_vs_zero": 0.006180580300897286,
          "t_stat_vs_sft": 2.7830280616365726,
          "p_val_vs_sft": 0.10850030249463367,
          "cohens_d": 2.7830280616365726
        },
        "bias": {
          "scores": [
            0.06444335937499979,
            0.05891276041666682
          ],
          "deltas": [
            0.04931640625,
            0.043785807291667034
          ],
          "mean_score": 0.061678059895833304,
          "std_score": 0.0039107240274604965,
          "mean_delta": 0.04655110677083352,
          "std_delta": 0.0039107240274604965,
          "baseline_gap": 0.015126953124999787,