{
  "baseline": {
    "factual": 0.6034,
    "toxicity": 0.1447,
    "sycophancy": -0.0414,
    "bias": 0.0361,
    "reasoning": 0.0
  },
  "conditions": {
    "0.0": {
      "rho_weight": 0.0,
      "n_seeds": 3,
      "behaviors": {
        "factual": {
          "scores": [
            0.5957,
            0.8086,
            0.6294642857142856
          ],
          "deltas": [
            -0.0077,
            0.2052,
            0.026088169642856762
          ],
          "mean_score": 0.6779214285714286,
          "std_score": 0.1144232210716346,
          "mean_delta": 0.07452938988095224,
          "std_delta": 0.11441816448281607,
          "baseline_gap": 0.6034,
          "t_stat_vs_zero": 1.1282185002216694,
          "p_val_vs_zero": 0.3763680227882225
        },
        "toxicity": {
          "scores": [
            -0.0824,
            -0.0797,
            -0.0946093750000001
          ],
          "deltas": [
            -0.2271,
            -0.2244,
            -0.23929687499999996
          ],
          "mean_score": -0.08556979166666671,
          "std_score": 0.007944057535680952,
          "mean_delta": -0.230265625,
          "std_delta": 0.007936945723757645,
          "baseline_gap": 0.1447,
          "t_stat_vs_zero": -50.250030127178505,
          "p_val_vs_zero": 0.00039579422270070807
        },
        "sycophancy": {
          "scores": [
            -0.0041,
            -0.0022,
            -0.003645833333333348
          ],
          "deltas": [
            0.0373,
            0.0391,
            0.03770833333333301
          ],
          "mean_score": -0.003315277777777783,
          "std_score": 0.000992194654027871,
          "mean_delta": 0.038036111111111,
          "std_delta": 0.0009437047757131531,
          "baseline_gap": -0.0414,
          "t_stat_vs_zero": 69.81047321392836,
          "p_val_vs_zero": 0.00020512811596310222
        },
        "bias": {
          "scores": [
            0.0272,
            0.0248,
            0.028489583333333623
          ],
          "deltas": [
            -0.0089,
            -0.0112,
            -0.007578124999999769
          ],
          "mean_score": 0.026829861111111204,
          "std_score": 0.0018724338149062002,
          "mean_delta": -0.009226041666666589,
          "std_delta": 0.0018328180502190374,
          "baseline_gap": 0.0361,
          "t_stat_vs_zero": -8.718799401557744,
          "p_val_vs_zero": 0.012900859231100615
        }
      }
    },
    "0.1": {
      "rho_weight": 0.1,
      "n_seeds": 3,
      "behaviors": {
        "factual": {
          "scores": [
            0.699,
            0.6899,
            0.8761160714285716
          ],
          "deltas": [
            0.0956,
            0.0866,
            0.2727399553571428
          ],
          "mean_score": 0.7550053571428572,
          "std_score": 0.10498360031974979,
          "mean_delta": 0.15164665178571426,
          "std_delta": 0.10496638093876348,
          "baseline_gap": 0.6034,
          "t_stat_vs_zero": 2.502322203942577,
          "p_val_vs_zero": 0.12941592992401516,
          "t_stat_vs_sft": 0.8597808534146214,
          "p_val_vs_sft": 0.4383873627245045,
          "cohens_d": 0.7020081271601608
        },
        "toxicity": {
          "scores": [
            0.601,
            0.4858,
            0.5289843749999998
          ],
          "deltas": [
            0.4563,
            0.3411,
            0.384296875
          ],
          "mean_score": 0.5385947916666666,
          "std_score": 0.05819819654748941,
          "mean_delta": 0.3938989583333334,
          "std_delta": 0.05819716490736646,
          "baseline_gap": 0.1447,
          "t_stat_vs_zero": 11.723131358164006,
          "p_val_vs_zero": 0.007197869281754177,
          "t_stat_vs_sft": 18.40524097392877,
          "p_val_vs_sft": 5.127271079916822e-05,
          "cohens_d": 15.02781632636373
        },
        "sycophancy": {
          "scores": [
            -0.002,
            -0.0017,
            -0.0017708333333334991
          ],
          "deltas": [
            0.0393,
            0.0396,
            0.03958333333333286
          ],
          "mean_score": -0.0018236111111111664,
          "std_score": 0.0001568091845854752,
          "mean_delta": 0.039494444444444284,
          "std_delta": 0.0001685998989498032,
          "baseline_gap": -0.0414,
          "t_stat_vs_zero": 405.73206046137864,
          "p_val_vs_zero": 6.074595859113822e-06,
          "t_stat_vs_sft": 2.572043802278226,
          "p_val_vs_sft": 0.06184501756000005,
          "cohens_d": 2.1000649705565198
        },
        "bias": {
          "scores": [
            0.0611,
            0.0555,
            0.05958333333333332
          ],
          "deltas": [
            0.0251,
            0.0195,
            0.02351562499999993
          ],
          "mean_score": 0.058727777777777775,
          "std_score": 0.002896373850434621,
          "mean_delta": 0.02270520833333331,
          "std_delta": 0.002886621100908167,
          "baseline_gap": 0.0361,
          "t_stat_vs_zero": 13.623739678684165,
          "p_val_vs_zero": 0.00534459423364891,
          "t_stat_vs_sft": 16.019203119594387,
          "p_val_vs_sft": 8.879497428230542e-05,
          "cohens_d": 13.079624576335577
        }
      }
    },
    "0.2": {
      "rho_weight": 0.2,
      "n_seeds": 3,
      "behaviors": {
        "factual": {
          "scores": [
            0.7588,
            0.7841,
            0.7628348214285712
          ],
          "deltas": [
            0.1554,
            0.1807,
            0.15945870535714235
          ],
          "mean_score": 0.7685782738095237,
          "std_score": 0.013592752993385929,
          "mean_delta": 0.16518623511904745,
          "std_delta": 0.013587713121792475,
          "baseline_gap": 0.6034,
          "t_stat_vs_zero": 21.05659351008326,
          "p_val_vs_zero": 0.002247799343190019,
          "t_stat_vs_sft": 1.3627121043468575,
          "p_val_vs_sft": 0.24464882304541086,
          "cohens_d": 1.1126497739880357
        },
        "toxicity": {
          "scores": [
            0.7936,
            0.6838,
            0.6620312500000001
          ],
          "deltas": [
            0.6489,
            0.5391,
            0.5173437500000002
          ],
          "mean_score": 0.71314375,
          "std_score": 0.07052216490003334,
          "mean_delta": 0.5684479166666668,
          "std_delta": 0.07051763529799354,
          "baseline_gap": 0.1447,
          "t_stat_vs_zero": 13.962190719565445,
          "p_val_vs_zero": 0.005090574199287812,
          "t_stat_vs_sft": 19.493416166695546,
          "p_val_vs_sft": 4.083365586370253e-05,
          "cohens_d": 15.91630765070817
        },
        "sycophancy": {
          "scores": [
            -0.0011,
            -0.0014,
            -0.0015625000000001332
          ],
          "deltas": [
            0.0403,
            0.04,
            0.039791666666666226
          ],
          "mean_score": -0.0013541666666667112,
          "std_score": 0.0002346318037550772,
          "mean_delta": 0.04003055555555541,
          "std_delta": 0.00025554045849147245,
          "baseline_gap": -0.0414,
          "t_stat_vs_zero": 271.32672644768036,
          "p_val_vs_zero": 1.3583322155989692e-05,
          "t_stat_vs_sft": 3.331578856781626,
          "p_val_vs_sft": 0.029062846527373346,
          "cohens_d": 2.7202227456533
        },
        "bias": {
          "scores": [
            0.0729,
            0.0713,
            0.07598958333333306
          ],
          "deltas": [
            0.0368,
            0.0352,
            0.03992187499999966
          ],
          "mean_score": 0.07339652777777768,
          "std_score": 0.0023838944682278655,
          "mean_delta": 0.037307291666666555,
          "std_delta": 0.002401465074742385,
          "baseline_gap": 0.0361,
          "t_stat_vs_zero": 26.907792804935674,