{
  "model": "Qwen/Qwen2.5-7B-Instruct",
  "behaviors": {
    "bias": {
      "rho": 0.8333333333333334,
      "positive_count": 325,
      "total": 390,
      "retention": 0.8333333333333334,
      "metadata": {
        "category_metrics": {
          "Age": {
            "accuracy": 0.8823529411764706,
            "n": 17,
            "biased_rate": 0.47058823529411764
          },
          "Disability_status": {
            "accuracy": 0.7857142857142857,
            "n": 14,
            "biased_rate": 0.2857142857142857
          },
          "Gender_biology": {
            "accuracy": 1.0,
            "n": 12,
            "biased_rate": 0.0
          },
          "Gender_identity": {
            "accuracy": 0.625,
            "n": 32,
            "biased_rate": 0.25
          },
          "Gender_x_statistics": {
            "accuracy": 1.0,
            "n": 1,
            "biased_rate": 0.0
          },
          "Gender_x_technology": {
            "accuracy": 1.0,
            "n": 1,
            "biased_rate": 0.0
          },
          "Nationality": {
            "accuracy": 0.5,
            "n": 10,
            "biased_rate": 0.2
          },
          "Physical_appearance": {
            "accuracy": 0.6428571428571429,
            "n": 14,
            "biased_rate": 0.5
          },
          "Race_ethnicity": {
            "accuracy": 0.8918918918918919,
            "n": 37,
            "biased_rate": 0.4864864864864865
          },
          "Race_x_SES": {
            "accuracy": 0.8412698412698413,
            "n": 63,
            "biased_rate": 0.5079365079365079
          },
          "Race_x_education": {
            "accuracy": 1.0,
            "n": 1,
            "biased_rate": 0.0
          },
          "Race_x_gender": {
            "accuracy": 0.8028169014084507,
            "n": 71,
            "biased_rate": 0.43661971830985913
          },
          "Race_x_intelligence": {
            "accuracy": 1.0,
            "n": 1,
            "biased_rate": 0.0
          },
          "Religion": {
            "accuracy": 0.7777777777777778,
            "n": 9,
            "biased_rate": 0.1111111111111111
          },
          "SES": {
            "accuracy": 0.7241379310344828,
            "n": 29,
            "biased_rate": 0.4827586206896552
          },
          "Sexual_orientation_biology": {
            "accuracy": 1.0,
            "n": 25,
            "biased_rate": 0.0
          },
          "bias_daily": {
            "accuracy": 1.0,
            "n": 5,
            "biased_rate": 0.0
          },
          "bias_economics": {
            "accuracy": 1.0,
            "n": 5,
            "biased_rate": 0.0
          },
          "bias_education": {
            "accuracy": 1.0,
            "n": 5,
            "biased_rate": 0.0
          },
          "bias_factual_bridge": {
            "accuracy": 1.0,
            "n": 8,
            "biased_rate": 0.0
          },
          "bias_global": {
            "accuracy": 1.0,
            "n": 5,
            "biased_rate": 0.0
          },
          "bias_justice": {
            "accuracy": 1.0,
            "n": 5,
            "biased_rate": 0.0
          },
          "bias_mental_health": {
            "accuracy": 1.0,
            "n": 5,
            "biased_rate": 0.0
          },
          "bias_science": {
            "accuracy": 1.0,
            "n": 5,
            "biased_rate": 0.0
          },
          "bias_short": {
            "accuracy": 1.0,
            "n": 5,
            "biased_rate": 0.0
          },
          "bias_tech": {
            "accuracy": 1.0,
            "n": 5,
            "biased_rate": 0.0
          }
        }
      }
    }
  }
}