{
  "monte_carlo": {
    "n_samples": 10000,
    "n_valid": 9999,
    "gamma_star": {
      "mean": 0.024238383517371162,
      "median": 0.024357449739335218,
      "std": 0.005631336696390357,
      "ci_95": [
        0.012713219373955054,
        0.03496668471084277
      ],
      "ci_90": [
        0.01471264415493372,
        0.03324458153361599
      ],
      "ci_68": [
        0.01869566097650031,
        0.029809559212356482
      ],
      "point_estimate": 0.024444444444444446
    },
    "s_inf": {
      "point_estimate": 2.35,
      "mc_mean": 2.4914342686423594,
      "mc_std": 0.9064800118107728
    },
    "interference_ratio_at_01": {
      "mean": 0.04544138199003426,
      "std": 0.016557788731225296
    },
    "input_distributions": {
      "s_inf": {
        "type": "lognormal",
        "mu": 0.8544153281560676,
        "sigma": 0.35
      },
      "theta_bias_tox": {
        "type": "normal",
        "mu": 82.0,
        "sigma": 3.0,
        "unit": "degrees"
      },
      "d_bias_gamma0": {
        "type": "normal",
        "mu": -0.011,
        "sigma": 0.003
      },
      "d_bias_gamma01": {
        "type": "normal",
        "mu": 0.034,
        "sigma": 0.004
      }
    }
  },
  "amplification": {
    "observed_ratio": 22.49999999999998,
    "linear_prediction": 1.9951281005196508,
    "residual_amplification": 11.277471353413162,
    "decomposition": {
      "angular_factor": 1.9951281005196508,
      "nonlinear_factor": 11.277471353413162,
      "product": 22.49999999999998
    },
    "swing_bias": 0.045,
    "swing_sycophancy": 0.0020000000000000018,
    "baseline_bias": 0.036,
    "baseline_sycophancy": -0.041,
    "sigma_fitted": 0.00965071625212904
  },
  "sensitivity": {
    "baseline_gamma_star": 0.024444444444444446,
    "parameters": {
      "$\\Delta\\rho_{bias}(\\gamma=0)$": {
        "low": 0.005555520503653508,
        "high": 0.0370370266947091,
        "param_range": "[-0.021, -0.001]"
      },
      "$\\Delta\\rho_{bias}(\\gamma=0.1)$": {
        "low": 0.019713266014468264,
        "high": 0.03216376174927766,
        "param_range": "[+0.022, +0.046]"
      },
      "$s_\\infty$ (nats)": {
        "low": 0.024444444444444446,
        "high": 0.024444444444444446,
        "param_range": "[1.0, 5.0]",
        "note": "Does not affect linear \u03b3* (affects bound tightness only)"
      },
      "$\\theta_{bias \\leftrightarrow tox}$ (degrees)": {
        "low": 0.005210596191126252,
        "high": 0.04338304878009278,
        "param_range": "[75\u00b0, 89\u00b0]"
      },
      "Baseline $\\rho_{bias}$": {
        "low": 0.004249022892238962,
        "high": 0.0781183696259073,
        "param_range": "[0.010, 0.080]"
      }
    }
  },
  "phase_diagram": {
    "mc_summary": {
      "factual": {
        "median": 0.0,
        "ci_95": [
          0.0,
          0.0
        ],
        "n_valid": 0
      },
      "bias": {
        "median": 0.023068559814308692,
        "ci_95": [
          0.011687988454801122,
          0.03310754145113356
        ],
        "n_valid": 9998
      },
      "sycophancy": {
        "median": 0.0,
        "ci_95": [
          0.0,
          0.0
        ],
        "n_valid": 0
      }
    },
    "slopes": {
      "factual": 0.4695714285714286,
      "bias": 0.097,
      "sycophancy": 0.012214285714285724
    },
    "intercepts": {
      "factual": 0.07276071428571435,
      "bias": 0.004700000000000008,
      "sycophancy": 0.03768214285714286
    },
    "margin_effect": {
      "factual": 0.25139999999999996,
      "bias": 0.4662,
      "sycophancy": 0.0032000000000000084
    }
  },
  "variance_ushape": {
    "fit_params": {
      "s0": 0.11098792616360333,
      "tau": 0.17554516769288162,
      "sp": 0.049526288375893956
    },
    "lambda_star": {
      "analytical": 0.3552017536870568,
      "mc_median": 0.35290170343530536,
      "mc_ci_90": [
        0.2458874674375555,
        0.4775943174107016
      ]
    }
  },
  "probe_noise": {
    "probe_var": {
      "factual": {
        "n_probes": 206,
        "baseline_rho": 0.603,
        "var_rho_hat": 0.001975578072590244,
        "std_rho_hat": 0.04444747543550977
      },
      "toxicity": {
        "n_probes": 200,
        "baseline_rho": 0.145,
        "var_rho_hat": 0.004816040455402011,
        "std_rho_hat": 0.06939769776730358
      },
      "bias": {
        "n_probes": 300,
        "baseline_rho": 0.036,
        "var_rho_hat": 0.0033358183264749165,
        "std_rho_hat": 0.0577565435814412
      },
      "sycophancy": {
        "n_probes": 150,
        "baseline_rho": -0.041,
        "var_rho_hat": 0.006688864602422818,
        "std_rho_hat": 0.0817854791660648
      },
      "reasoning": {
        "n_probes": 100,
        "baseline_rho": 0.0,
        "var_rho_hat": 0.010101010101010102,
        "std_rho_hat": 0.10050378152592121
      },
      "refusal": {
        "n_probes": 150,
        "baseline_rho": 0.0,
        "var_rho_hat": 0.006711409395973154,
        "std_rho_hat": 0.08192319205190404
      },
      "deception": {
        "n_probes": 100,
        "baseline_rho": 0.0,
        "var_rho_hat": 0.010101010101010102,
        "std_rho_hat": 0.10050378152592121
      },
      "overrefusal": {
        "n_probes": 150,
        "baseline_rho": 0.0,
        "var_rho_hat": 0.006711409395973154,
        "std_rho_hat": 0.08192319205190404
      }
    },
    "gs_no_probe_summary": {
      "median": 0.024473196985725712,
      "std": 0.005568573048455218,
      "ci_95_width": 0.02213493986922111
    },
    "gs_with_probe_summary": {
      "median": 0.05229208368220291,
      "std": 0.06589817754842964,
      "ci_95_width": 0.26317163941952587
    },
    "power_analysis": [
      {
        "n_probes": 50,
        "ci_width": 0.3004904413196287,
        "std": 0.07511258068828744,
        "median": 0.060462398360147024,
        "n_valid": 4166
      },
      {
        "n_probes": 100,
        "ci_width": 0.2892397617766264,
        "std": 0.07288972863433096,
        "median": 0.0591086858152471,
        "n_valid": 4496
      },
      {
        "n_probes": 150,
        "ci_width": 0.3082462177613711,
        "std": 0.07488660952216629,
        "median": 0.056284211162366767,
        "n_valid": 4592
      },
      {
        "n_probes": 200,
        "ci_width": 0.2769827711928453,
        "std": 0.06879124156602148,
        "median": 0.054672116166257057,
        "n_valid": 4689
      },
      {
        "n_probes": 300,
        "ci_width": 0.2782531092506503,
        "std": 0.06692460089350526,
        "median": 0.05219064955073609,
        "n_valid": 5028
      },
      {
        "n_probes": 500,
        "ci_width": 0.23215238260891333,
        "std": 0.060327853434865145,
        "median": 0.04960369310864569,
        "n_valid": 5404
      },
      {
        "n_probes": 1000,
        "ci_width": 0.17872620158800584,
        "std": 0.04759260830330601,
        "median": 0.044025366288589315,
        "n_valid": 6041
      }
    ]
  }
}